date,close
2008-12-31,8776.3896484375
2009-01-02,9034.6904296875
2009-01-05,8952.8896484375
2009-01-06,9015.099609375
2009-01-07,8769.7001953125
2009-01-08,8742.4599609375
2009-01-09,8599.1796875
2009-01-12,8473.9697265625
2009-01-13,8448.5595703125
2009-01-14,8200.1396484375
2009-01-15,8212.490234375
2009-01-16,8281.2197265625
2009-01-20,7949.08984375
2009-01-21,8228.099609375
2009-01-22,8122.7998046875
2009-01-23,8077.56005859375
2009-01-26,8116.02978515625
2009-01-27,8174.72998046875
2009-01-28,8375.4501953125
2009-01-29,8149.009765625
2009-01-30,8000.85986328125
2009-02-02,7936.75
2009-02-03,8078.35986328125
2009-02-04,7956.66015625
2009-02-05,8063.06982421875
2009-02-06,8280.58984375
2009-02-09,8270.8701171875
2009-02-10,7888.8798828125
2009-02-11,7939.52978515625
2009-02-12,7932.759765625
2009-02-13,7850.41015625
2009-02-17,7552.60009765625
2009-02-18,7555.6298828125
2009-02-19,7465.9501953125
2009-02-20,7365.669921875
2009-02-23,7114.77978515625
2009-02-24,7350.93994140625
2009-02-25,7270.89013671875
2009-02-26,7182.080078125
2009-02-27,7062.93017578125
2009-03-02,6763.2900390625
2009-03-03,6726.02001953125
2009-03-04,6875.83984375
2009-03-05,6594.43994140625
2009-03-06,6626.93994140625
2009-03-09,6547.0498046875
2009-03-10,6926.490234375
2009-03-11,6930.39990234375
2009-03-12,7170.06005859375
2009-03-13,7223.97998046875
2009-03-16,7216.97021484375
2009-03-17,7395.7001953125
2009-03-18,7486.580078125
2009-03-19,7400.7998046875
2009-03-20,7278.3798828125
2009-03-23,7775.85986328125
2009-03-24,7659.97021484375
2009-03-25,7749.81005859375
2009-03-26,7924.56005859375
2009-03-27,7776.18017578125
2009-03-30,7522.02001953125
2009-03-31,7608.919921875
2009-04-01,7761.60009765625
2009-04-02,7978.080078125
2009-04-03,8017.58984375
2009-04-06,7975.85009765625
2009-04-07,7789.56005859375
2009-04-08,7837.10986328125
2009-04-09,8083.3798828125
2009-04-13,8057.81005859375
2009-04-14,7920.18017578125
2009-04-15,8029.6201171875
2009-04-16,8125.43017578125
2009-04-17,8131.330078125
2009-04-20,7841.72998046875
2009-04-21,7969.56005859375
2009-04-22,7886.56982421875
2009-04-23,7957.06005859375
2009-04-24,8076.2900390625
2009-04-27,8025.0
2009-04-28,8016.9501953125
2009-04-29,8185.72998046875
2009-04-30,8168.1201171875
2009-05-01,8212.41015625
2009-05-04,8426.740234375
2009-05-05,8410.650390625
2009-05-06,8512.2802734375
2009-05-07,8409.849609375
2009-05-08,8574.650390625
2009-05-11,8418.76953125
2009-05-12,8469.1103515625
2009-05-13,8284.8896484375
2009-05-14,8331.3203125
2009-05-15,8268.6396484375
2009-05-18,8504.080078125
2009-05-19,8474.849609375
2009-05-20,8422.0400390625
2009-05-21,8292.1298828125
2009-05-22,8277.3203125
2009-05-26,8473.490234375
2009-05-27,8300.01953125
2009-05-28,8403.7998046875
2009-05-29,8500.330078125
2009-06-01,8721.4404296875
2009-06-02,8740.8701171875
2009-06-03,8675.240234375
2009-06-04,8750.240234375
2009-06-05,8763.1298828125
2009-06-08,8764.490234375
2009-06-09,8763.0595703125
2009-06-10,8739.01953125
2009-06-11,8770.919921875
2009-06-12,8799.259765625
2009-06-15,8612.1298828125
2009-06-16,8504.669921875
2009-06-17,8497.1796875
2009-06-18,8555.599609375
2009-06-19,8539.73046875
2009-06-22,8339.009765625
2009-06-23,8322.91015625
2009-06-24,8299.8603515625
2009-06-25,8472.400390625
2009-06-26,8438.3896484375
2009-06-29,8529.3798828125
2009-06-30,8447.0
2009-07-01,8504.0595703125
2009-07-02,8280.740234375
2009-07-06,8324.8701171875
2009-07-07,8163.60009765625
2009-07-08,8178.41015625
2009-07-09,8183.169921875
2009-07-10,8146.52001953125
2009-07-13,8331.6796875
2009-07-14,8359.490234375
2009-07-15,8616.2099609375
2009-07-16,8711.8203125
2009-07-17,8743.9404296875
2009-07-20,8848.150390625
2009-07-21,8915.9404296875
2009-07-22,8881.259765625
2009-07-23,9069.2900390625
2009-07-24,9093.240234375
2009-07-27,9108.509765625
2009-07-28,9096.7197265625
2009-07-29,9070.7197265625
2009-07-30,9154.4599609375
2009-07-31,9171.6103515625
2009-08-03,9286.5595703125
2009-08-04,9320.1904296875
2009-08-05,9280.9697265625
2009-08-06,9256.259765625
2009-08-07,9370.0703125
2009-08-10,9337.9501953125
2009-08-11,9241.4501953125
2009-08-12,9361.6103515625
2009-08-13,9398.1904296875
2009-08-14,9321.400390625
2009-08-17,9135.33984375
2009-08-18,9217.9404296875
2009-08-19,9279.16015625
2009-08-20,9350.0498046875
2009-08-21,9505.9599609375
2009-08-24,9509.2802734375
2009-08-25,9539.2900390625
2009-08-26,9543.51953125
2009-08-27,9580.6298828125
2009-08-28,9544.2001953125
2009-08-31,9496.2802734375
2009-09-01,9310.599609375
2009-09-02,9280.669921875
2009-09-03,9344.6103515625
2009-09-04,9441.26953125
2009-09-08,9497.33984375
2009-09-09,9547.2197265625
2009-09-10,9627.48046875
2009-09-11,9605.41015625
2009-09-14,9626.7998046875
2009-09-15,9683.41015625
2009-09-16,9791.7099609375
2009-09-17,9783.919921875
2009-09-18,9820.2001953125
2009-09-21,9778.8603515625
2009-09-22,9829.8701171875
2009-09-23,9748.5498046875
2009-09-24,9707.4404296875
2009-09-25,9665.1904296875
2009-09-28,9789.3603515625
2009-09-29,9742.2001953125
2009-09-30,9712.2802734375
2009-10-01,9509.2802734375
2009-10-02,9487.669921875
2009-10-05,9599.75
2009-10-06,9731.25
2009-10-07,9725.580078125
2009-10-08,9786.8701171875
2009-10-09,9864.9404296875
2009-10-12,9885.7998046875
2009-10-13,9871.0595703125
2009-10-14,10015.8603515625
2009-10-15,10062.9404296875
2009-10-16,9995.91015625
2009-10-19,10092.1904296875
2009-10-20,10041.48046875
2009-10-21,9949.3603515625
2009-10-22,10081.3095703125
2009-10-23,9972.1796875
2009-10-26,9867.9599609375
2009-10-27,9882.169921875
2009-10-28,9762.6904296875
2009-10-29,9962.580078125
2009-10-30,9712.73046875
2009-11-02,9789.4404296875
2009-11-03,9771.91015625
2009-11-04,9802.1396484375
2009-11-05,10005.9599609375
2009-11-06,10023.419921875
2009-11-09,10226.9404296875
2009-11-10,10246.9697265625
2009-11-11,10291.259765625
2009-11-12,10197.4697265625
2009-11-13,10270.4697265625
2009-11-16,10406.9599609375
2009-11-17,10437.419921875
2009-11-18,10426.3095703125
2009-11-19,10332.4404296875
2009-11-20,10318.16015625
2009-11-23,10450.9501953125
2009-11-24,10433.7099609375
2009-11-25,10464.400390625
2009-11-27,10309.919921875
2009-11-30,10344.83984375
2009-12-01,10471.580078125
2009-12-02,10452.6796875
2009-12-03,10366.150390625
2009-12-04,10388.900390625
2009-12-07,10390.1103515625
2009-12-08,10285.9697265625
2009-12-09,10337.0498046875
2009-12-10,10405.830078125
2009-12-11,10471.5
2009-12-14,10501.0498046875
2009-12-15,10452.0
2009-12-16,10441.1201171875
2009-12-17,10308.259765625
2009-12-18,10328.8896484375
2009-12-21,10414.1396484375
2009-12-22,10464.9296875
2009-12-23,10466.4404296875
2009-12-24,10520.08984375
2009-12-28,10547.080078125
2009-12-29,10545.41015625
2009-12-30,10548.509765625
2009-12-31,10428.0498046875
2010-01-04,10583.9599609375
2010-01-05,10572.01953125
2010-01-06,10573.6796875
2010-01-07,10606.8603515625
2010-01-08,10618.1904296875
